-- --------------------------------------------------------
-- Host:                         127.0.0.1
-- Server version:               8.0.30 - MySQL Community Server - GPL
-- Server OS:                    Win64
-- HeidiSQL Version:             12.1.0.6537
-- --------------------------------------------------------

/*!40101 SET @OLD_CHARACTER_SET_CLIENT=@@CHARACTER_SET_CLIENT */;
/*!40101 SET NAMES utf8 */;
/*!50503 SET NAMES utf8mb4 */;
/*!40103 SET @OLD_TIME_ZONE=@@TIME_ZONE */;
/*!40103 SET TIME_ZONE='+00:00' */;
/*!40014 SET @OLD_FOREIGN_KEY_CHECKS=@@FOREIGN_KEY_CHECKS, FOREIGN_KEY_CHECKS=0 */;
/*!40101 SET @OLD_SQL_MODE=@@SQL_MODE, SQL_MODE='NO_AUTO_VALUE_ON_ZERO' */;
/*!40111 SET @OLD_SQL_NOTES=@@SQL_NOTES, SQL_NOTES=0 */;


-- Dumping database structure for db_al_unayah
CREATE DATABASE IF NOT EXISTS `db_al_unayah` /*!40100 DEFAULT CHARACTER SET utf8mb4 COLLATE utf8mb4_0900_ai_ci */ /*!80016 DEFAULT ENCRYPTION='N' */;
USE `db_al_unayah`;

-- Dumping structure for table db_al_unayah.absensi
CREATE TABLE IF NOT EXISTS `absensi` (
  `id_absen` int NOT NULL AUTO_INCREMENT,
  `id_guru` int DEFAULT NULL,
  `id_siswa` int DEFAULT NULL,
  `tanggal` date NOT NULL,
  `jam_masuk` time DEFAULT NULL,
  `status` enum('Hadir','Izin','Sakit','Alfa','Terlambat') CHARACTER SET utf8mb4 COLLATE utf8mb4_0900_ai_ci NOT NULL,
  `keterangan` varchar(255) DEFAULT NULL,
  `created_at` timestamp NULL DEFAULT CURRENT_TIMESTAMP,
  `updated_at` timestamp NULL DEFAULT CURRENT_TIMESTAMP ON UPDATE CURRENT_TIMESTAMP,
  PRIMARY KEY (`id_absen`),
  KEY `fk_absen_guru` (`id_guru`),
  KEY `fk_absen_siswa` (`id_siswa`),
  CONSTRAINT `fk_absen_guru` FOREIGN KEY (`id_guru`) REFERENCES `guru` (`id_guru`) ON DELETE CASCADE,
  CONSTRAINT `fk_absen_siswa` FOREIGN KEY (`id_siswa`) REFERENCES `siswa` (`id_siswa`) ON DELETE CASCADE
) ENGINE=InnoDB AUTO_INCREMENT=157 DEFAULT CHARSET=utf8mb4 COLLATE=utf8mb4_0900_ai_ci;

-- Dumping data for table db_al_unayah.absensi: ~121 rows (approximately)
INSERT INTO `absensi` (`id_absen`, `id_guru`, `id_siswa`, `tanggal`, `jam_masuk`, `status`, `keterangan`, `created_at`, `updated_at`) VALUES
	(25, NULL, 105, '2025-09-23', '06:57:39', 'Hadir', NULL, '2025-09-22 23:57:39', '2025-09-22 23:57:39'),
	(26, NULL, 72, '2025-09-23', '07:05:16', 'Hadir', NULL, '2025-09-23 00:05:16', '2025-09-23 00:05:16'),
	(27, NULL, 41, '2025-09-23', '07:07:44', 'Hadir', NULL, '2025-09-23 00:07:44', '2025-09-23 00:07:44'),
	(28, NULL, 56, '2025-09-23', '07:16:45', 'Hadir', NULL, '2025-09-23 00:16:45', '2025-09-23 04:13:37'),
	(29, NULL, 109, '2025-09-23', '07:17:56', 'Hadir', NULL, '2025-09-23 00:17:56', '2025-09-23 04:13:37'),
	(30, NULL, 45, '2025-09-23', '07:20:08', 'Hadir', NULL, '2025-09-23 00:20:08', '2025-09-23 04:13:37'),
	(31, NULL, 49, '2025-09-23', '07:20:20', 'Hadir', NULL, '2025-09-23 00:20:20', '2025-09-23 04:13:37'),
	(32, NULL, 102, '2025-09-23', '07:23:01', 'Hadir', NULL, '2025-09-23 00:23:01', '2025-09-23 04:13:37'),
	(33, NULL, 62, '2025-09-23', '07:23:13', 'Hadir', NULL, '2025-09-23 00:23:13', '2025-09-23 04:13:37'),
	(34, NULL, 16, '2025-09-23', '07:24:04', 'Hadir', NULL, '2025-09-23 00:24:04', '2025-09-23 04:13:37'),
	(35, NULL, 96, '2025-09-23', '07:24:21', 'Hadir', NULL, '2025-09-23 00:24:21', '2025-09-23 04:13:37'),
	(36, NULL, 108, '2025-09-23', '07:25:29', 'Hadir', NULL, '2025-09-23 00:25:29', '2025-09-23 04:13:37'),
	(37, NULL, 38, '2025-09-23', '07:26:58', 'Hadir', NULL, '2025-09-23 00:26:58', '2025-09-23 04:13:37'),
	(38, NULL, 43, '2025-09-23', '07:27:39', 'Hadir', NULL, '2025-09-23 00:27:39', '2025-09-23 04:13:37'),
	(39, NULL, 32, '2025-09-23', '07:28:18', 'Hadir', NULL, '2025-09-23 00:28:18', '2025-09-23 04:13:37'),
	(40, NULL, 68, '2025-09-23', '07:28:51', 'Hadir', NULL, '2025-09-23 00:28:51', '2025-09-23 04:13:37'),
	(41, NULL, 17, '2025-09-23', '07:29:18', 'Hadir', NULL, '2025-09-23 00:29:18', '2025-09-23 04:13:37'),
	(42, NULL, 51, '2025-09-23', '07:30:15', 'Hadir', NULL, '2025-09-23 00:30:15', '2025-09-23 04:13:37'),
	(43, NULL, 25, '2025-09-23', '07:31:35', 'Terlambat', NULL, '2025-09-23 00:31:35', '2025-09-23 00:31:35'),
	(44, NULL, 39, '2025-09-23', '07:32:15', 'Terlambat', NULL, '2025-09-23 00:32:15', '2025-09-23 00:32:15'),
	(45, NULL, 54, '2025-09-23', '07:33:12', 'Terlambat', NULL, '2025-09-23 00:33:12', '2025-09-23 00:33:12'),
	(46, NULL, 84, '2025-09-23', '07:33:56', 'Terlambat', NULL, '2025-09-23 00:33:56', '2025-09-23 00:33:56'),
	(47, NULL, 78, '2025-09-23', '07:34:08', 'Terlambat', NULL, '2025-09-23 00:34:08', '2025-09-23 00:34:08'),
	(49, NULL, 59, '2025-09-23', '07:41:11', 'Terlambat', NULL, '2025-09-23 00:41:11', '2025-09-23 00:41:11'),
	(51, NULL, 110, '2025-09-23', '08:57:37', 'Terlambat', NULL, '2025-09-23 01:57:37', '2025-09-23 01:57:37'),
	(58, NULL, 22, '2025-09-23', '07:40:49', 'Terlambat', NULL, '2025-09-23 05:48:50', '2025-09-23 22:18:25'),
	(59, NULL, 58, '2025-09-23', '07:58:56', 'Terlambat', NULL, '2025-09-23 05:49:11', '2025-09-23 22:18:18'),
	(60, NULL, 86, '2025-09-23', '12:49:30', 'Izin', NULL, '2025-09-23 05:49:30', '2025-09-23 05:49:30'),
	(61, NULL, 66, '2025-09-23', '12:50:55', 'Sakit', NULL, '2025-09-23 05:50:55', '2025-09-23 05:50:55'),
	(62, NULL, 67, '2025-09-23', '12:51:04', 'Sakit', NULL, '2025-09-23 05:51:04', '2025-09-23 05:51:04'),
	(63, 8, NULL, '2025-09-24', '05:26:14', 'Hadir', NULL, '2025-09-23 22:26:14', '2025-09-23 22:26:14'),
	(64, NULL, 102, '2025-09-24', '06:50:28', 'Hadir', NULL, '2025-09-23 23:50:28', '2025-09-23 23:50:28'),
	(65, NULL, 39, '2025-09-24', '06:53:34', 'Hadir', NULL, '2025-09-23 23:53:34', '2025-09-23 23:53:34'),
	(66, NULL, 105, '2025-09-24', '06:53:41', 'Hadir', NULL, '2025-09-23 23:53:41', '2025-09-23 23:53:41'),
	(67, NULL, 45, '2025-09-24', '07:01:02', 'Hadir', NULL, '2025-09-24 00:01:02', '2025-09-24 00:01:02'),
	(68, NULL, 72, '2025-09-24', '07:01:30', 'Hadir', NULL, '2025-09-24 00:01:30', '2025-09-24 00:01:30'),
	(69, NULL, 49, '2025-09-24', '07:07:16', 'Hadir', NULL, '2025-09-24 00:07:16', '2025-09-24 00:07:16'),
	(70, NULL, 84, '2025-09-24', '07:07:43', 'Hadir', NULL, '2025-09-24 00:07:43', '2025-09-24 00:07:43'),
	(71, NULL, 25, '2025-09-24', '07:08:35', 'Hadir', NULL, '2025-09-24 00:08:35', '2025-09-24 00:08:35'),
	(72, NULL, 32, '2025-09-24', '07:08:45', 'Hadir', NULL, '2025-09-24 00:08:45', '2025-09-24 00:08:45'),
	(73, NULL, 67, '2025-09-24', '07:13:52', 'Hadir', NULL, '2025-09-24 00:13:52', '2025-09-24 00:13:52'),
	(74, NULL, 17, '2025-09-24', '07:14:28', 'Hadir', NULL, '2025-09-24 00:14:28', '2025-09-24 00:14:28'),
	(75, NULL, 68, '2025-09-24', '07:15:10', 'Terlambat', NULL, '2025-09-24 00:15:10', '2025-09-24 00:15:10'),
	(76, NULL, 108, '2025-09-24', '07:15:40', 'Terlambat', NULL, '2025-09-24 00:15:40', '2025-09-24 00:15:40'),
	(77, NULL, 110, '2025-09-24', '07:17:16', 'Terlambat', NULL, '2025-09-24 00:17:16', '2025-09-24 00:17:16'),
	(78, NULL, 62, '2025-09-24', '07:20:15', 'Terlambat', NULL, '2025-09-24 00:20:15', '2025-09-24 00:20:15'),
	(79, NULL, 59, '2025-09-24', '07:21:22', 'Terlambat', NULL, '2025-09-24 00:21:22', '2025-09-24 00:21:22'),
	(80, NULL, 22, '2025-09-24', '07:22:46', 'Terlambat', NULL, '2025-09-24 00:22:46', '2025-09-24 00:22:46'),
	(81, NULL, 51, '2025-09-24', '07:23:37', 'Hadir', NULL, '2025-09-24 00:23:37', '2025-09-24 00:23:37'),
	(82, NULL, 58, '2025-09-24', '07:24:06', 'Hadir', NULL, '2025-09-24 00:24:06', '2025-09-24 00:24:06'),
	(83, NULL, 56, '2025-09-24', '07:24:29', 'Hadir', NULL, '2025-09-24 00:24:29', '2025-09-24 00:24:29'),
	(84, NULL, 38, '2025-09-24', '07:24:51', 'Hadir', NULL, '2025-09-24 00:24:51', '2025-09-24 00:24:51'),
	(85, NULL, 43, '2025-09-24', '07:29:00', 'Hadir', NULL, '2025-09-24 00:29:00', '2025-09-24 00:29:00'),
	(86, NULL, 16, '2025-09-24', '07:29:37', 'Hadir', NULL, '2025-09-24 00:29:37', '2025-09-24 00:29:37'),
	(87, NULL, 78, '2025-09-24', '07:50:32', 'Sakit', NULL, '2025-09-24 00:50:32', '2025-09-24 00:50:32'),
	(88, NULL, 86, '2025-09-24', '07:51:57', 'Izin', NULL, '2025-09-24 00:51:57', '2025-09-24 00:51:57'),
	(89, NULL, 54, '2025-09-24', '07:52:28', 'Sakit', NULL, '2025-09-24 00:52:28', '2025-09-24 00:52:28'),
	(90, NULL, 41, '2025-09-24', '07:54:17', 'Sakit', NULL, '2025-09-24 00:54:17', '2025-09-24 00:54:17'),
	(91, NULL, 109, '2025-09-24', '07:58:00', 'Sakit', NULL, '2025-09-24 00:58:00', '2025-09-24 00:58:00'),
	(92, NULL, 66, '2025-09-24', '10:33:26', 'Sakit', NULL, '2025-09-24 03:33:26', '2025-09-24 03:33:26'),
	(93, 8, NULL, '2025-09-25', '05:51:24', 'Hadir', NULL, '2025-09-24 22:51:24', '2025-09-24 22:51:24'),
	(94, NULL, 102, '2025-09-25', '06:53:20', 'Hadir', NULL, '2025-09-24 23:53:20', '2025-09-24 23:53:20'),
	(95, NULL, 72, '2025-09-25', '06:53:44', 'Hadir', NULL, '2025-09-24 23:53:44', '2025-09-24 23:53:44'),
	(96, NULL, 39, '2025-09-25', '06:55:37', 'Hadir', NULL, '2025-09-24 23:55:37', '2025-09-24 23:55:37'),
	(97, NULL, 45, '2025-09-25', '06:56:19', 'Hadir', NULL, '2025-09-24 23:56:19', '2025-09-24 23:56:19'),
	(98, NULL, 86, '2025-09-25', '06:56:39', 'Hadir', NULL, '2025-09-24 23:56:39', '2025-09-24 23:56:39'),
	(99, NULL, 41, '2025-09-25', '07:02:04', 'Hadir', NULL, '2025-09-25 00:02:04', '2025-09-25 00:02:04'),
	(100, NULL, 49, '2025-09-25', '07:04:40', 'Hadir', NULL, '2025-09-25 00:04:40', '2025-09-25 00:04:40'),
	(101, NULL, 84, '2025-09-25', '07:05:08', 'Hadir', NULL, '2025-09-25 00:05:08', '2025-09-25 00:05:08'),
	(102, NULL, 105, '2025-09-25', '07:09:34', 'Hadir', NULL, '2025-09-25 00:09:34', '2025-09-25 00:09:34'),
	(103, NULL, 59, '2025-09-25', '07:11:57', 'Hadir', NULL, '2025-09-25 00:11:57', '2025-09-25 00:11:57'),
	(104, NULL, 25, '2025-09-25', '07:12:18', 'Hadir', NULL, '2025-09-25 00:12:18', '2025-09-25 00:12:18'),
	(105, NULL, 108, '2025-09-25', '07:13:19', 'Hadir', NULL, '2025-09-25 00:13:19', '2025-09-25 00:13:19'),
	(106, NULL, 62, '2025-09-25', '07:14:56', 'Hadir', NULL, '2025-09-25 00:14:56', '2025-09-25 00:14:56'),
	(107, NULL, 17, '2025-09-25', '07:17:08', 'Hadir', NULL, '2025-09-25 00:17:08', '2025-09-25 00:17:08'),
	(108, NULL, 68, '2025-09-25', '07:17:38', 'Hadir', NULL, '2025-09-25 00:17:38', '2025-09-25 00:17:38'),
	(109, NULL, 51, '2025-09-25', '07:19:18', 'Hadir', NULL, '2025-09-25 00:19:18', '2025-09-25 00:19:18'),
	(110, NULL, 54, '2025-09-25', '07:21:03', 'Hadir', NULL, '2025-09-25 00:21:03', '2025-09-25 00:21:03'),
	(111, NULL, 96, '2025-09-25', '07:21:13', 'Hadir', NULL, '2025-09-25 00:21:13', '2025-09-25 00:21:13'),
	(112, NULL, 43, '2025-09-25', '07:21:22', 'Hadir', NULL, '2025-09-25 00:21:22', '2025-09-25 00:21:22'),
	(113, NULL, 32, '2025-09-25', '07:21:48', 'Hadir', NULL, '2025-09-25 00:21:48', '2025-09-25 00:21:48'),
	(114, NULL, 16, '2025-09-25', '07:21:59', 'Hadir', NULL, '2025-09-25 00:21:59', '2025-09-25 00:21:59'),
	(115, NULL, 67, '2025-09-25', '07:23:27', 'Hadir', NULL, '2025-09-25 00:23:27', '2025-09-25 00:23:27'),
	(116, NULL, 56, '2025-09-25', '07:24:49', 'Hadir', NULL, '2025-09-25 00:24:49', '2025-09-25 00:24:49'),
	(117, NULL, 38, '2025-09-25', '07:25:09', 'Hadir', NULL, '2025-09-25 00:25:09', '2025-09-25 00:25:09'),
	(118, NULL, 22, '2025-09-25', '07:25:25', 'Hadir', NULL, '2025-09-25 00:25:25', '2025-09-25 00:25:25'),
	(119, NULL, 58, '2025-09-25', '07:26:35', 'Hadir', NULL, '2025-09-25 00:26:35', '2025-09-25 00:26:35'),
	(120, NULL, 110, '2025-09-25', '07:50:28', 'Izin', NULL, '2025-09-25 00:50:28', '2025-09-25 00:50:28'),
	(121, NULL, 78, '2025-09-25', '07:51:01', 'Sakit', NULL, '2025-09-25 00:51:01', '2025-09-25 00:51:01'),
	(122, NULL, 109, '2025-09-25', '07:51:51', 'Izin', NULL, '2025-09-25 00:51:51', '2025-09-25 00:51:51'),
	(123, 8, NULL, '2025-09-26', '06:06:57', 'Hadir', NULL, '2025-09-25 23:06:57', '2025-09-25 23:06:57'),
	(124, NULL, 102, '2025-09-26', '12:59:54', 'Hadir', NULL, '2025-09-26 05:59:54', '2025-09-26 05:59:54'),
	(125, NULL, 39, '2025-09-26', '13:01:37', 'Hadir', NULL, '2025-09-26 06:01:37', '2025-09-26 06:01:37'),
	(126, NULL, 41, '2025-09-26', '13:01:56', 'Hadir', NULL, '2025-09-26 06:01:56', '2025-09-26 06:01:56'),
	(127, NULL, 45, '2025-09-26', '13:02:08', 'Hadir', NULL, '2025-09-26 06:02:08', '2025-09-26 06:02:08'),
	(128, NULL, 66, '2025-09-26', '13:02:24', 'Hadir', NULL, '2025-09-26 06:02:24', '2025-09-26 06:02:24'),
	(129, NULL, 84, '2025-09-26', '13:02:48', 'Hadir', NULL, '2025-09-26 06:02:48', '2025-09-26 06:02:48'),
	(130, NULL, 49, '2025-09-26', '13:04:17', 'Hadir', NULL, '2025-09-26 06:04:17', '2025-09-26 06:04:17'),
	(131, NULL, 86, '2025-09-26', '13:04:34', 'Hadir', NULL, '2025-09-26 06:04:34', '2025-09-26 06:04:34'),
	(132, NULL, 108, '2025-09-26', '13:04:57', 'Hadir', NULL, '2025-09-26 06:04:57', '2025-09-26 06:04:57'),
	(133, NULL, 17, '2025-09-26', '13:05:52', 'Hadir', NULL, '2025-09-26 06:05:52', '2025-09-26 06:05:52'),
	(134, NULL, 43, '2025-09-26', '13:06:08', 'Hadir', NULL, '2025-09-26 06:06:08', '2025-09-26 06:06:08'),
	(135, NULL, 68, '2025-09-26', '13:06:35', 'Hadir', NULL, '2025-09-26 06:06:35', '2025-09-26 06:06:35'),
	(136, NULL, 32, '2025-09-26', '13:06:52', 'Hadir', NULL, '2025-09-26 06:06:52', '2025-09-26 06:06:52'),
	(137, NULL, 105, '2025-09-26', '13:07:29', 'Hadir', NULL, '2025-09-26 06:07:29', '2025-09-26 06:07:29'),
	(138, NULL, 51, '2025-09-26', '13:08:12', 'Hadir', NULL, '2025-09-26 06:08:12', '2025-09-26 06:08:12'),
	(139, NULL, 54, '2025-09-26', '13:08:28', 'Hadir', NULL, '2025-09-26 06:08:28', '2025-09-26 06:08:28'),
	(140, NULL, 56, '2025-09-26', '13:08:41', 'Hadir', NULL, '2025-09-26 06:08:41', '2025-09-26 06:08:41'),
	(141, NULL, 25, '2025-09-26', '13:09:05', 'Hadir', NULL, '2025-09-26 06:09:05', '2025-09-26 06:09:05'),
	(142, NULL, 16, '2025-09-26', '13:09:18', 'Hadir', NULL, '2025-09-26 06:09:18', '2025-09-26 06:09:18'),
	(143, NULL, 62, '2025-09-26', '13:09:42', 'Hadir', NULL, '2025-09-26 06:09:42', '2025-09-26 06:09:42'),
	(144, NULL, 67, '2025-09-26', '13:16:17', 'Hadir', NULL, '2025-09-26 06:16:17', '2025-09-26 06:16:17'),
	(145, NULL, 38, '2025-09-26', '13:18:54', 'Hadir', NULL, '2025-09-26 06:18:54', '2025-09-26 06:18:54'),
	(146, NULL, 96, '2025-09-26', '13:19:06', 'Hadir', NULL, '2025-09-26 06:19:06', '2025-09-26 06:19:06'),
	(150, NULL, 58, '2025-09-26', '13:20:39', 'Terlambat', NULL, '2025-09-26 06:20:39', '2025-09-26 06:20:39'),
	(151, NULL, 22, '2025-09-26', '13:20:46', 'Terlambat', NULL, '2025-09-26 06:20:46', '2025-09-26 06:20:46'),
	(152, NULL, 78, '2025-09-26', '14:01:54', 'Sakit', NULL, '2025-09-26 07:01:54', '2025-09-26 07:01:54'),
	(153, NULL, 110, '2025-09-26', '14:05:07', 'Izin', NULL, '2025-09-26 07:05:07', '2025-09-26 07:05:07'),
	(154, NULL, 72, '2025-09-26', '14:05:34', 'Alfa', NULL, '2025-09-26 07:05:34', '2025-09-26 07:05:34'),
	(155, NULL, 59, '2025-09-26', '14:06:01', 'Alfa', NULL, '2025-09-26 07:06:01', '2025-09-26 07:06:01'),
	(156, NULL, 109, '2025-09-26', '14:06:58', 'Izin', NULL, '2025-09-26 07:06:58', '2025-09-26 07:06:58');

-- Dumping structure for table db_al_unayah.guru
CREATE TABLE IF NOT EXISTS `guru` (
  `id_guru` int NOT NULL AUTO_INCREMENT,
  `kode_guru` varchar(20) NOT NULL,
  `nama_guru` varchar(100) NOT NULL,
  `no_telp` varchar(15) DEFAULT NULL,
  `jenis_kelamin` enum('L','P') NOT NULL,
  `kelas_rombel` char(1) DEFAULT NULL,
  `qr_path` varchar(255) CHARACTER SET utf8mb4 COLLATE utf8mb4_0900_ai_ci DEFAULT NULL,
  `created_at` timestamp NULL DEFAULT CURRENT_TIMESTAMP,
  `updated_at` timestamp NULL DEFAULT CURRENT_TIMESTAMP ON UPDATE CURRENT_TIMESTAMP,
  PRIMARY KEY (`id_guru`),
  UNIQUE KEY `kode_guru` (`kode_guru`),
  KEY `rombel_guru` (`kelas_rombel`),
  CONSTRAINT `rombel_guru` FOREIGN KEY (`kelas_rombel`) REFERENCES `rombel` (`kelas_rombel`) ON DELETE CASCADE
) ENGINE=InnoDB AUTO_INCREMENT=11 DEFAULT CHARSET=utf8mb4 COLLATE=utf8mb4_0900_ai_ci;

-- Dumping data for table db_al_unayah.guru: ~5 rows (approximately)
INSERT INTO `guru` (`id_guru`, `kode_guru`, `nama_guru`, `no_telp`, `jenis_kelamin`, `kelas_rombel`, `qr_path`, `created_at`, `updated_at`) VALUES
	(6, 'GURU001', 'Muhammad Farel Andriani', '085776649749', 'L', 'A', '../assets/img/qrcode_guru/Muhammad Farel Andriani.png', '2025-09-06 04:08:37', '2025-09-06 04:08:37'),
	(7, 'GURU007', 'Muhammad Farel Andriani', '085776649749', 'L', 'A', '../assets/img/qrcode_guru/Muhammad Farel Andriani.png', '2025-09-20 00:58:51', '2025-09-20 00:58:51'),
	(8, 'GURU008', 'Muhammad Farel Andriani', '085776649749', 'L', 'B', '../assets/img/qrcode_guru/Muhammad Farel Andriani.png', '2025-09-20 07:51:09', '2025-09-20 07:51:09'),
	(9, 'GURU009', 'Siti Komala', '', 'P', 'B', '../assets/img/qrcode_guru/Siti Komala.png', '2025-09-22 10:07:06', '2025-09-22 10:07:06'),
	(10, 'GURU010', 'Siti Komala', '', 'P', 'B', '../assets/img/qrcode_guru/Siti Komala.png', '2025-09-22 10:07:07', '2025-09-22 10:07:07');

-- Dumping structure for table db_al_unayah.rombel
CREATE TABLE IF NOT EXISTS `rombel` (
  `id` int NOT NULL AUTO_INCREMENT,
  `nama_rombel` varchar(50) NOT NULL,
  `kelas_rombel` char(1) CHARACTER SET utf8mb4 COLLATE utf8mb4_0900_ai_ci DEFAULT NULL,
  `created_at` timestamp NULL DEFAULT NULL,
  `updated_at` timestamp NULL DEFAULT NULL,
  PRIMARY KEY (`id`),
  UNIQUE KEY `kelas_rombel` (`kelas_rombel`)
) ENGINE=InnoDB AUTO_INCREMENT=3 DEFAULT CHARSET=utf8mb4 COLLATE=utf8mb4_0900_ai_ci;

-- Dumping data for table db_al_unayah.rombel: ~2 rows (approximately)
INSERT INTO `rombel` (`id`, `nama_rombel`, `kelas_rombel`, `created_at`, `updated_at`) VALUES
	(1, 'Tan Malaka', 'B', '2025-09-03 00:43:33', '2025-09-03 00:43:37'),
	(2, 'Parmoedya Anan Tatoer', 'A', '2025-09-03 00:43:35', '2025-09-03 00:43:39');

-- Dumping structure for table db_al_unayah.siswa
CREATE TABLE IF NOT EXISTS `siswa` (
  `id_siswa` int NOT NULL AUTO_INCREMENT,
  `kode_siswa` varchar(50) CHARACTER SET utf8mb4 COLLATE utf8mb4_0900_ai_ci DEFAULT NULL,
  `nama` varchar(100) CHARACTER SET utf8mb4 COLLATE utf8mb4_0900_ai_ci DEFAULT NULL,
  `NISN` varchar(10) CHARACTER SET utf8mb4 COLLATE utf8mb4_0900_ai_ci DEFAULT NULL,
  `NIK` varchar(16) CHARACTER SET utf8mb4 COLLATE utf8mb4_0900_ai_ci DEFAULT NULL,
  `jenis_kelamin` enum('L','P') CHARACTER SET utf8mb4 COLLATE utf8mb4_0900_ai_ci DEFAULT NULL,
  `nama_ibu` varchar(100) CHARACTER SET utf8mb4 COLLATE utf8mb4_0900_ai_ci DEFAULT NULL,
  `telepon` varchar(15) CHARACTER SET utf8mb4 COLLATE utf8mb4_0900_ai_ci DEFAULT '0',
  `tanggal_lahir` date DEFAULT NULL,
  `kelas_rombel` char(1) DEFAULT NULL,
  `qr_path` varchar(255) CHARACTER SET utf8mb4 COLLATE utf8mb4_0900_ai_ci DEFAULT NULL,
  `created_at` timestamp NULL DEFAULT CURRENT_TIMESTAMP,
  `updated_at` timestamp NULL DEFAULT CURRENT_TIMESTAMP ON UPDATE CURRENT_TIMESTAMP,
  PRIMARY KEY (`id_siswa`),
  UNIQUE KEY `NISN` (`NISN`),
  UNIQUE KEY `NIK` (`NIK`),
  KEY `rombel_siswa` (`kelas_rombel`),
  CONSTRAINT `rombel_siswa` FOREIGN KEY (`kelas_rombel`) REFERENCES `rombel` (`kelas_rombel`) ON DELETE CASCADE
) ENGINE=InnoDB AUTO_INCREMENT=111 DEFAULT CHARSET=utf8mb4 COLLATE=utf8mb4_0900_ai_ci;

-- Dumping data for table db_al_unayah.siswa: ~94 rows (approximately)
INSERT INTO `siswa` (`id_siswa`, `kode_siswa`, `nama`, `NISN`, `NIK`, `jenis_kelamin`, `nama_ibu`, `telepon`, `tanggal_lahir`, `kelas_rombel`, `qr_path`, `created_at`, `updated_at`) VALUES
	(14, 'SISWA014', 'SITI NURJANAH', '3190345070', '3201204504190006', 'P', 'MUNAWAROH', '', '2019-04-05', 'B', '../assets/img/qrcode_siswa/SITI NURJANAH.png', '2025-09-04 13:45:20', '2025-09-05 04:57:21'),
	(15, 'SISWA015', 'SITI SIPA ULAILA', '3204045765', '3201206003200002', 'P', 'IPAH', '', '2020-03-20', 'B', '../assets/img/qrcode_siswa/SITI SIPA ULAILA.png', '2025-09-04 13:45:20', '2025-09-04 13:45:20'),
	(16, 'SISWA016', 'SITI NURAENI', '3208334718', '3201236206200003', 'P', 'SUMARNI', '', '2020-06-22', 'B', '../assets/img/qrcode_siswa/SITI NURAENI.png', '2025-09-04 13:45:20', '2025-09-04 13:45:20'),
	(17, 'SISWA017', 'AKBAR FAISAL', '3194861040', '3201231108190003', 'L', 'ARYANAH', '', '2019-08-11', 'B', '../assets/img/qrcode_siswa/AKBAR FAISAL.png', '2025-09-04 13:45:21', '2025-09-04 13:45:21'),
	(18, 'SISWA018', 'SABRINA AZAHRA', '3202642147', '3201206503200003', 'P', 'ETI SINTIYA SARI', '', '2020-03-25', 'B', '../assets/img/qrcode_siswa/SABRINA AZAHRA.png', '2025-09-04 13:45:21', '2025-09-04 13:45:21'),
	(19, 'SISWA019', 'AKBAR ALFARIZI', '3187984380', '3201231610180001', 'L', 'SITI MARIYAM', '', '2018-10-16', 'B', '../assets/img/qrcode_siswa/AKBAR ALFARIZI.png', '2025-09-04 13:45:22', '2025-09-04 13:45:22'),
	(20, 'SISWA020', 'M. ADSA AL KABIR', '3194088100', '3201181208190005', 'L', 'ELISTIANAH', '', '2019-08-12', 'B', '../assets/img/qrcode_siswa/M. ADSA AL KABIR.png', '2025-09-04 13:45:22', '2025-09-04 13:45:22'),
	(21, 'SISWA021', 'ROSITA SARI', '3192582792', '3201205709190002', 'P', 'MIMI', '', '2019-08-12', 'B', '../assets/img/qrcode_siswa/ROSITA SARI.png', '2025-09-04 14:34:22', '2025-09-04 14:34:22'),
	(22, 'SISWA022', 'AISYAH INARA PUTRI', '3205198142', '3175096311200008', 'P', 'DEVI NURDIANA', '', '2020-11-23', 'B', '../assets/img/qrcode_siswa/AISYAH INARA PUTRI.png', '2025-09-05 04:47:36', '2025-09-05 06:42:59'),
	(23, 'SISWA023', 'SEPTIYA AULIYA P AZZAHRA', '3183019122', '3603225809180003', 'P', 'SITI NURJANAH', '', '2018-09-18', 'B', '../assets/img/qrcode_siswa/SEPTIYA AULIYA P AZZAHRA.png', '2025-09-05 04:47:36', '2025-09-05 06:42:17'),
	(24, 'SISWA024', 'DEVANA GEZA MIKAIL', '3192586963', '3172030311190006', 'L', 'NOVIYANTI', '', '2019-11-03', 'B', '../assets/img/qrcode_siswa/DEVANA GEZA MIKAIL.png', '2025-09-05 04:47:37', '2025-09-05 06:42:17'),
	(25, 'SISWA025', 'AKBAR AL-QUDS IRAWAN', '3205244459', '3201230707200001', 'L', 'FITRIANI', '', '2020-07-07', 'B', '../assets/img/qrcode_siswa/AKBAR AL-QUDS IRAWAN.png', '2025-09-05 04:47:38', '2025-09-05 06:42:17'),
	(26, 'SISWA026', 'HAFLA FATAR BASKARA', '3218154028', '3374082103210002', 'L', 'NISAA MADYAN FADILAH', '', '2021-03-21', 'B', '../assets/img/qrcode_siswa/HAFLA FATAR BASKARA.png', '2025-09-05 04:47:39', '2025-09-05 06:42:17'),
	(27, 'SISWA027', 'REVA AULIA', '3209318842', '3201207003200001', 'P', 'WATI', '', '2020-03-30', 'B', '../assets/img/qrcode_siswa/REVA AULIA.png', '2025-09-05 04:47:39', '2025-09-05 06:42:17'),
	(28, 'SISWA028', 'FARHAN NAUFAL', '3207909514', '3603230801200002', 'L', 'MILA', '', '2020-01-08', 'A', '../assets/img/qrcode_siswa/FARHAN NAUFAL.png', '2025-09-05 04:47:40', '2025-09-05 06:42:17'),
	(29, 'SISWA029', 'AZ ZAHRA FITRIANI', '3204891986', '3201185304200001', 'P', 'SITI NURJANAH', '', '2020-04-13', 'A', '../assets/img/qrcode_siswa/AZ ZAHRA FITRIANI.png', '2025-09-05 04:47:41', '2025-09-05 06:42:17'),
	(30, 'SISWA030', 'MUHAMAD AL FARIZQIL', '3207558673', '3201183004200002', 'L', 'ANIS FITRIA', '', '2020-04-30', 'A', '../assets/img/qrcode_siswa/MUHAMAD AL FARIZQIL.png', '2025-09-05 04:47:42', '2025-09-05 06:42:17'),
	(31, 'SISWA031', 'DELISHA NURFATIHA', '3204302749', '3201184608200001', 'P', 'ELA', '', '2020-08-06', 'A', '../assets/img/qrcode_siswa/DELISHA NURFATIHA.png', '2025-09-05 04:47:42', '2025-09-05 06:42:17'),
	(32, 'SISWA032', 'MALIKA AZ ZAHRA', '3214158022', '3201234306210001', 'P', 'ROSMINAH', '', '2021-06-03', 'A', '../assets/img/qrcode_siswa/MALIKA AZ ZAHRA.png', '2025-09-05 04:47:43', '2025-09-05 06:42:17'),
	(33, 'SISWA033', 'JIHAN HUMAIROH ZIDNI', '3202537894', '3603236906200002', 'P', 'NURHAYAT 1', '', '2020-06-29', 'A', '../assets/img/qrcode_siswa/JIHAN HUMAIROH ZIDNI.png', '2025-09-05 04:47:44', '2025-09-05 06:42:17'),
	(34, 'SISWA034', 'ATHALLA NAUFAL SYAHPUTRA', '3203963966', '3201182603200002', 'L', 'LALAS UMIYATI', '', '2020-03-26', 'A', '../assets/img/qrcode_siswa/ATHALLA NAUFAL SYAHPUTRA.png', '2025-09-05 04:47:45', '2025-09-05 06:42:17'),
	(35, 'SISWA035', 'FATIYAH AL MUNA ZAHRA', '3201161044', '3674014906200002', 'P', 'NURSIYAH BT. AHMAD', '', '2020-06-09', 'A', '../assets/img/qrcode_siswa/FATIYAH AL MUNA ZAHRA.png', '2025-09-05 04:47:45', '2025-09-05 06:42:17'),
	(36, 'SISWA036', 'DENDI ARDIYANSAH', '3193730002', '3201180412190003', 'L', 'ЕНА', '', '2019-12-04', 'A', '../assets/img/qrcode_siswa/DENDI ARDIYANSAH.png', '2025-09-05 04:47:46', '2025-09-05 06:42:17'),
	(37, 'SISWA037', 'MUHAMAD ABIZAR', '3196904244', '3201180311190004', 'L', 'SITI LATIFAH', '', '2019-11-03', 'A', '../assets/img/qrcode_siswa/MUHAMAD ABIZAR.png', '2025-09-05 04:47:47', '2025-09-05 06:42:17'),
	(38, 'SISWA038', 'KEVIN SANJAYA', '3201040883', '3201230503200004', 'L', 'SANTI PRIHATINI', '', '2020-03-05', 'B', '../assets/img/qrcode_siswa/KEVIN SANJAYA.png', '2025-09-05 04:50:24', '2025-09-22 09:57:03'),
	(39, 'SISWA039', 'ATHIYA NURUN NAJIHA', '3206516920', '3201235101200002', 'P', 'NURSIAH', '', '2020-01-11', 'B', '../assets/img/qrcode_siswa/ATHIYA NAJIHA NURUN.png', '2025-09-05 04:50:25', '2025-09-23 22:00:39'),
	(40, 'SISWA040', 'HAERUL SAPUTRA', '3200766216', '3201182905200004', 'L', 'SITI NURHASA NAH', '', '2020-05-29', 'A', '../assets/img/qrcode_siswa/HAERUL SAPUTRA.png', '2025-09-05 04:50:26', '2025-09-05 06:42:17'),
	(41, 'SISWA041', 'MUHAMAD AL MAHDI SHARIQUE ZAFRAN', '3214782841', '3201232703210002', 'L', 'RATNA PUSPITA SARI', '', '2021-03-27', 'A', '../assets/img/qrcode_siswa/MUHAMAD AL MAHDI SHARIQUE ZAFRAN.png', '2025-09-05 04:51:36', '2025-09-05 06:42:17'),
	(42, 'SISWA042', 'JULIYANA FITRIA', '3195857631', '3201181406190001', 'P', 'SUHERNI', '', '2019-06-14', 'A', '../assets/img/qrcode_siswa/JULIYANA FITRIA.png', '2025-09-05 04:51:37', '2025-09-05 06:42:17'),
	(43, 'SISWA043', 'ARSYLIA MISHA MALIKA', '3212327711', '3201236906210001', 'P', 'ATIN FATIMAH', '', '2021-06-29', 'A', '../assets/img/qrcode_siswa/ARSYLIA MALIKA MISHA.png', '2025-09-05 04:52:13', '2025-09-20 09:08:47'),
	(44, 'SISWA044', 'EL SHANUM HUMAIRA', '3206416818', '3173045401200001', 'P', 'ANGGIT SAPUTRI', '', '2020-01-14', 'B', '../assets/img/qrcode_siswa/EL SHANUM HUMAIRA.png', '2025-09-05 04:52:14', '2025-09-05 06:42:17'),
	(45, 'SISWA045', 'NAYLA NURPAHRUL', '3195231744', '3201204909190004', 'P', 'ΝΙΑ RESNIA', '', '2019-09-09', 'B', '../assets/img/qrcode_siswa/NAYLA NURPAHRUL.png', '2025-09-05 04:52:15', '2025-09-05 06:42:17'),
	(46, 'SISWA046', 'ZAHRA RABBANI ALESHA', '3188341283', '3173046709180009', 'P', 'INDAH FITRIYANI', '', '2018-09-27', 'B', '../assets/img/qrcode_siswa/ZAHRA RABBANI ALESHA.png', '2025-09-05 04:52:16', '2025-09-05 06:42:17'),
	(47, 'SISWA047', 'MUHAMAD ABDUL LATIP', '3198643066', '3201200610190003', 'L', 'SITI KOMALA', '', '2019-10-06', 'B', '../assets/img/qrcode_siswa/MUHAMAD ABDUL LATIP.png', '2025-09-05 04:52:16', '2025-09-05 06:42:17'),
	(48, 'SISWA048', 'MUHAMAD WILDAN', '3197227616', '3201201011190004', 'L', 'LELA', '', '2019-11-10', 'B', '../assets/img/qrcode_siswa/MUHAMAD WILDAN.png', '2025-09-05 04:52:17', '2025-09-05 06:42:17'),
	(49, 'SISWA049', 'OKTA AL FAERRY', '3209299296', '3201230410200001', 'L', 'ELI NURLAELI', '', '2020-10-04', 'B', '../assets/img/qrcode_siswa/OKTA AL FAERRY.png', '2025-09-05 04:52:18', '2025-09-05 06:42:17'),
	(50, 'SISWA050', 'ARYA SUDRAJAT', '3207946877', '3201202006200001', 'L', 'ADE', '', '2020-06-20', 'B', '../assets/img/qrcode_siswa/ARYA SUDRAJAT.png', '2025-09-05 04:52:19', '2025-09-05 06:42:17'),
	(51, 'SISWA051', 'MUHAMAD NIZAM RAFFASYA', '3196884165', '3201201412190002', 'L', 'MARLINA', '', '2019-12-14', 'B', '../assets/img/qrcode_siswa/MUHAMAD NIZAM RAFFASYA.png', '2025-09-05 06:31:24', '2025-09-05 06:31:24'),
	(52, 'SISWA052', 'ALBI AGUSTIAN', '3185118338', '3201181708180002', 'L', 'KARNI', '', '2018-08-17', 'B', '../assets/img/qrcode_siswa/ALBI AGUSTIAN.png', '2025-09-05 06:31:25', '2025-09-05 06:31:25'),
	(53, 'SISWA053', 'AZZAM SYAPUTRA NABIL', '3192917323', '3171072109190005', 'L', 'SITI PATIMAH', '', '2019-09-21', 'B', '../assets/img/qrcode_siswa/AZZAM SYAPUTRA NABIL.png', '2025-09-05 06:31:26', '2025-09-05 06:31:26'),
	(54, 'SISWA054', 'DESTI ANDINI PUTRI', '3202406364', '3201236506200001', 'P', 'SUMIATI', '', '2020-06-25', 'B', '../assets/img/qrcode_siswa/DESTI ANDINI PUTRI.png', '2025-09-05 06:31:26', '2025-09-05 06:31:26'),
	(55, 'SISWA055', 'MUHAMAD RADEN SILI', '3190226723', '3201202009190003', 'L', 'SITI NURSIAH', '', '2019-09-20', 'B', '../assets/img/qrcode_siswa/MUHAMAD RADEN SILI.png', '2025-09-05 06:32:24', '2025-09-05 06:32:24'),
	(56, 'SISWA056', 'JAKI ALIP MAULANA', '3190896366', '3329152110190005', 'L', 'KHAMIDATU L HASANAH', '', '2019-10-21', 'B', '../assets/img/qrcode_siswa/JAKI ALIP MAULANA.png', '2025-09-05 06:32:25', '2025-09-05 06:32:25'),
	(57, 'SISWA057', 'ESAH', '3189533743', '3201205507180003', 'L', 'ECIH', '', '2018-07-15', 'B', '../assets/img/qrcode_siswa/ESAH.png', '2025-09-05 06:32:26', '2025-09-05 06:32:26'),
	(58, 'SISWA058', 'MUHAMMAD HISYAM AL HAFIDZ', '3194679952', '3601322810190001', 'L', 'МАМАН MAHPUDO H', '', '2019-10-28', 'B', '../assets/img/qrcode_siswa/MUHAMMAD HISYAM A HAFIDZ.png', '2025-09-05 06:32:27', '2025-09-20 08:01:14'),
	(59, 'SISWA059', 'MUHAMMAD HAZMI ABDILLAH', '3216489065', '3601321509210001', 'L', 'МАМАН MAHPUDO H', '', '2021-09-16', 'A', '../assets/img/qrcode_siswa/MUHAMMAD HAZMI ABDILLAH.png', '2025-09-05 06:32:28', '2025-09-05 06:32:28'),
	(60, 'SISWA060', 'RIFKI ALL HABSY', '3205870019', '3603230507200001', 'L', 'KARTINI', '', '2020-07-05', 'A', '../assets/img/qrcode_siswa/RIFKI ALL HABSY.png', '2025-09-05 06:32:29', '2025-09-05 06:32:29'),
	(61, 'SISWA061', 'RAYA HUMAIRAH', '3204805339', '3201236112200002', 'P', 'HASANAH', '', '2020-12-21', 'A', '../assets/img/qrcode_siswa/RAYA HUMAIRAH.png', '2025-09-05 06:33:26', '2025-09-05 06:33:26'),
	(62, 'SISWA062', 'KHALISA NAILA CHANDANI', '3203695311', '3201236203200001', 'P', 'GITA INDAH CAHYANI', '', '2020-03-22', 'B', '../assets/img/qrcode_siswa/KHALISA NAILA CHANDANI.png', '2025-09-05 06:33:27', '2025-09-22 09:56:53'),
	(63, 'SISWA063', 'SITI HALIMAH HIJRIAH', '3202795932', '3603235307200004', 'P', 'RINDI ΑΝΤΙΚΑ', '', '2020-07-13', 'A', '../assets/img/qrcode_siswa/SITI HALIMAH HIJRIAH.png', '2025-09-05 06:33:28', '2025-09-05 06:33:28'),
	(64, 'SISWA064', 'SAHLATUR RIZGIANA', '3193595794', '3201185209190001', 'P', 'SRI WANTINI', '', '2019-09-12', 'A', '../assets/img/qrcode_siswa/SAHLATUR RIZGIANA.png', '2025-09-05 06:33:29', '2025-09-05 06:33:29'),
	(65, 'SISWA065', 'MUHAMMAD ZAIDAN HABIBIE', '3208208634', '3201181402200001', 'L', 'ANNIISA', '', '2020-02-14', 'A', '../assets/img/qrcode_siswa/MUHAMMAD ZAIDAN HABIBIE.png', '2025-09-05 06:33:30', '2025-09-05 06:33:30'),
	(66, 'SISWA066', 'MUHAMMAD HAMIZAN RABBANI', '3208490579', '3201231805200002', 'L', 'WENNY', '', '2020-05-18', 'B', '../assets/img/qrcode_siswa/MUHAMMAD HAMIZAN RABBANI.png', '2025-09-05 06:33:31', '2025-09-22 09:49:59'),
	(67, 'SISWA067', 'NADA SAYYIDAH HUMAIRAH', '3204947435', '3201236503200001', 'P', 'MUYANIAPR', '', '2020-03-25', 'B', '../assets/img/qrcode_siswa/NADA HUMAIRA SAYYIDAH.png', '2025-09-05 06:33:32', '2025-09-26 06:18:19'),
	(68, 'SISWA068', 'GUNTUR IBNU MALIKI', '3206613428', '3201230406200001', 'L', 'PITRIYANI', '', '2020-06-04', 'A', '../assets/img/qrcode_siswa/GUNTUR IBNU MALIK.png', '2025-09-05 06:33:33', '2025-09-23 22:01:00'),
	(69, 'SISWA069', 'MUHAMAD KHAIRUL IHSAN', '3202968405', '3603230903200002', 'L', 'SRI WAHYUNI', '', '2020-03-09', 'A', '../assets/img/qrcode_siswa/MUHAMAD KHAIRUL IHSAN.png', '2025-09-05 06:33:33', '2025-09-05 06:33:33'),
	(70, 'SISWA070', 'MUHAMAD PATHAR', '3202800161', '3201182905200005', 'L', 'ULYANTI', '', '2020-05-29', 'A', '../assets/img/qrcode_siswa/MUHAMAD PATHAR.png', '2025-09-05 06:33:35', '2025-09-05 06:33:35'),
	(71, 'SISWA071', 'SITI KAMILAH KHOTIMATUL', '3209500138', '3201234311200003', 'P', 'MARSUNA H', '', '2020-11-03', 'A', '../assets/img/qrcode_siswa/SITI KAMILAH KHOTIMATUL.png', '2025-09-05 06:33:36', '2025-09-05 06:33:36'),
	(72, 'SISWA072', 'FRISKA ANGGRAENY', '3202862481', '3201236902200002', 'P', 'YULI MUSTIKA', '', '2020-02-29', 'B', '../assets/img/qrcode_siswa/FRISKA ANGGRAENY.png', '2025-09-05 06:33:38', '2025-09-22 09:58:11'),
	(73, 'SISWA073', 'KHANZA AURELIA SYAKILLA', '3197781695', '3603234508190001', 'P', 'FIRDA YUNITA', '', '2019-08-05', 'A', '../assets/img/qrcode_siswa/KHANZA AURELIA SYAKILLA.png', '2025-09-05 06:33:39', '2025-09-05 06:33:39'),
	(74, 'SISWA074', 'SYIFA AULIA', '3207329283', '3201204401200002', 'P', 'IDA SEPIA', '', '2020-01-04', 'B', '../assets/img/qrcode_siswa/SYIFA AULIA.png', '2025-09-05 06:33:40', '2025-09-05 06:33:40'),
	(75, 'SISWA075', 'MUHAMAD RIJWAN', '3208924351', '3201201804200002', 'L', 'IDA', '', '2020-04-18', 'B', '../assets/img/qrcode_siswa/MUHAMAD RIJWAN.png', '2025-09-05 06:33:41', '2025-09-05 06:33:41'),
	(76, 'SISWA076', 'PUTRI PADILAH', '3212829393', '3201206002210003', 'P', 'RAMI', '', '2021-02-20', 'A', '../assets/img/qrcode_siswa/PUTRI PADILAH.png', '2025-09-05 06:33:42', '2025-09-05 06:33:42'),
	(78, 'SISWA078', 'ALFINA ZALFA SABIRA', '3206978385', '3201236807210003', 'P', 'TRI FITRI YANTHI', '', '2021-07-28', 'A', '../assets/img/qrcode_siswa/ALFINA ZALFA SABIRA.png', '2025-09-05 06:34:54', '2025-09-05 06:34:54'),
	(79, 'SISWA079', 'NADILA PUTRI SAHER', '3206979841', '3171075808200002', 'P', 'HERMIYANT', '', '2020-08-18', 'A', '../assets/img/qrcode_siswa/NADILA PUTRI SAHER.png', '2025-09-05 06:34:55', '2025-09-05 06:34:55'),
	(80, 'SISWA080', 'MUHAMAD YASIRAZHA RI', '3214133133', '3201231210210004', 'L', 'ATIFAH ANWAR', '', '2021-10-12', 'A', '../assets/img/qrcode_siswa/MUHAMAD YASIRAZHA RI.png', '2025-09-05 06:34:55', '2025-09-05 06:34:55'),
	(81, 'SISWA081', 'MUHAMMAD WAFI NUGRAHA', '3196769502', '3201181510190002', 'L', 'WACIH', '', '2019-10-15', 'A', '../assets/img/qrcode_siswa/MUHAMMAD WAFI NUGRAHA.png', '2025-09-05 06:34:56', '2025-09-05 06:34:56'),
	(82, 'SISWA082', 'CIKACAHAYA PUTRI', '3195665392', '3201235112190003', 'P', 'CUCU CAHYATI', '', '2019-12-11', 'A', '../assets/img/qrcode_siswa/CIKACAHAYA PUTRI.png', '2025-09-05 06:34:57', '2025-09-05 06:34:57'),
	(83, 'SISWA083', 'IRWAN', '3196011980', '3201231604190003', 'L', 'JUMINAH', '', '2019-04-16', 'A', '../assets/img/qrcode_siswa/IRWAN.png', '2025-09-05 06:34:57', '2025-09-05 06:34:58'),
	(84, 'SISWA084', 'MUHAMMAD IKHSAN L', '321764975', '327503140', 'L', 'SULISTIANI', '', '2021-07-14', 'A', '../assets/img/qrcode_siswa/MUHAMMAD IKHSAN L.png', '2025-09-05 06:34:58', '2025-09-05 06:34:58'),
	(85, 'SISWA085', 'KAMIL FAHRIKA SAMAH NADYA DINI', '', '72100046', 'L', '', '', '1999-12-31', 'A', '../assets/img/qrcode_siswa/KAMIL FAHRIKA SAMAH NADYA DINI.png', '2025-09-05 06:37:05', '2025-09-05 06:37:05'),
	(86, 'SISWA086', 'FAUZAN ATHARRAYHAN NUDIN', '3197504667', '3201230811190002', 'L', 'RIKA', '', '2019-11-08', 'B', '../assets/img/qrcode_siswa/FAUZAN ATHARRAYHAN NUDIN.png', '2025-09-05 06:37:06', '2025-09-22 09:58:28'),
	(87, 'SISWA087', 'NABILA PUTRI SAHER', '3209597792', '3171075808200001', 'P', 'HERMIYANT', '', '2020-08-18', 'A', '../assets/img/qrcode_siswa/NABILA PUTRI SAHER.png', '2025-09-05 06:37:07', '2025-09-05 06:37:07'),
	(89, 'SISWA089', 'SITI NURMALA MAYA', '3202375510', '3201182702200001', 'P', '', '', '2020-02-27', 'A', '../assets/img/qrcode_siswa/SITI NURMALA MAYA.png', '2025-09-05 06:37:09', '2025-09-05 06:37:09'),
	(90, 'SISWA090', 'AL QALBI SHALIH', '3204430551', '3201181901200001', 'L', 'VERAWATI', '', '2020-01-19', 'A', '../assets/img/qrcode_siswa/AL QALBI SHALIH.png', '2025-09-05 06:37:10', '2025-09-05 06:37:10'),
	(91, 'SISWA091', 'THANIA AZZAHRA NUR', '3204987007', '3201184801200005', 'P', 'SAYATI', '', '2020-01-08', 'A', '../assets/img/qrcode_siswa/THANIA AZZAHRA NUR.png', '2025-09-05 06:37:11', '2025-09-05 06:37:11'),
	(92, 'SISWA092', 'DEBI YULIANSARI', '3209736633', '3201235007200003', 'P', 'YEYEN', '', '2020-07-10', 'A', '../assets/img/qrcode_siswa/DEBI YULIANSARI.png', '2025-09-05 06:37:12', '2025-09-05 06:37:12'),
	(93, 'SISWA093', 'NUR CANDRA ALL FARIZI', '3209562581', '3201180802200001', 'L', 'MAELENIΗ', '', '2020-02-08', 'A', '../assets/img/qrcode_siswa/NUR CANDRA ALL FARIZI.png', '2025-09-05 06:37:13', '2025-09-05 06:37:13'),
	(95, 'SISWA095', 'ANDRI FADILLAH', '3200620658', '3603230303200006', 'L', 'ANAH', '', '2020-03-03', 'A', '../assets/img/qrcode_siswa/ANDRI FADILLAH.png', '2025-09-05 06:37:15', '2025-09-05 06:37:15'),
	(96, 'SISWA096', 'MUHAMAD ARKHAN SYAKIF', '3205602335', '3201233110200004', 'L', 'SRI HARTINI', '', '2020-10-31', 'B', '../assets/img/qrcode_siswa/MUHAMAD ARKHAN SYAKIF.png', '2025-09-05 06:37:16', '2025-09-22 09:59:14'),
	(97, 'SISWA097', 'NAILA PUTRI SAHER', '3202966897', '3171075808200003', 'P', 'HERMIYANT', '', '2020-08-18', 'A', '../assets/img/qrcode_siswa/NAILA PUTRI SAHER.png', '2025-09-05 06:37:17', '2025-09-05 06:37:17'),
	(98, 'SISWA098', 'MUHAMAD PAHRUL', '3213006329', '3201231704210001', 'L', 'SAWIYAH', '', '2021-04-17', 'A', '../assets/img/qrcode_siswa/MUHAMAD PAHRUL.png', '2025-09-05 06:37:17', '2025-09-05 06:37:18'),
	(99, 'SISWA099', 'NURUL HAERUNISA', '3205085052', '3201235110200001', 'P', 'SITI', '', '2020-10-11', 'A', '../assets/img/qrcode_siswa/NURUL HAERUNISA.png', '2025-09-05 06:37:18', '2025-09-05 06:37:18'),
	(100, 'SISWA100', 'ARKANA NARENDRA L PUTRA', '3190892204', '3201181410190003', 'L', 'HENI WIDIYANTI', '', '2019-10-14', 'A', '../assets/img/qrcode_siswa/ARKANA NARENDRA L PUTRA.png', '2025-09-05 06:37:19', '2025-09-05 06:37:19'),
	(101, 'SISWA101', 'ANDRA FADILLAH', '3201985463', '3603230303200007', 'L', 'ANAH', '', '2020-03-03', 'A', '../assets/img/qrcode_siswa/ANDRA FADILLAH.png', '2025-09-05 06:37:20', '2025-09-05 06:37:20'),
	(102, 'SISWA102', 'REZA AL-FATIH', '3202850914', '3201231709200001', 'L', 'IIS', '', '2020-09-17', 'A', '../assets/img/qrcode_siswa/REZA ALPATIN.png', '2025-09-05 06:37:21', '2025-09-20 08:02:45'),
	(103, 'SISWA103', 'HILYA NAFISAH', '3210503752', '3201235810210007', 'P', 'JENAB', '', '2021-10-18', 'A', '../assets/img/qrcode_siswa/HILYA NAFISAH.png', '2025-09-05 06:37:22', '2025-09-05 06:37:22'),
	(104, 'SISWA104', 'DELILAH RAMADANI', '3200503698', '3201184305200001', 'P', 'NURSIAH', '', '2020-05-03', 'A', '../assets/img/qrcode_siswa/DELILAH RAMADANI.png', '2025-09-05 06:37:22', '2025-09-05 06:37:22'),
	(105, 'SISWA105', 'SITI JASTIN FIDA', '29260443', '2301235408200001', 'P', 'ATIFAH ANWAR', '', '2020-08-14', 'A', '../assets/img/qrcode_siswa/SITI JASTIN FIDA.png', '2025-09-07 14:37:09', '2025-09-07 14:37:09'),
	(106, 'SISWA106', 'AIRA SHABIRA', '24250435', '3275026502200004', 'P', 'EMI', '', '2020-02-25', 'A', '../assets/img/qrcode_siswa/AIRA SHABIRA.png', '2025-09-07 14:38:45', '2025-09-07 14:38:45'),
	(107, 'SISWA107', 'ANJANI', '24250423', '3201205111190005', 'P', 'AMI', '', '2019-11-11', 'B', '../assets/img/qrcode_siswa/ANJANI.png', '2025-09-07 14:41:31', '2025-09-07 14:41:31'),
	(108, 'SISWA108', 'ZAHIRA', '25260446', '3201235005190001', 'P', 'JUHANAH', '', '2019-05-18', 'B', '../assets/img/qrcode_siswa/ZAHIRA.png', '2025-09-07 14:47:28', '2025-09-07 14:47:28'),
	(109, 'SISWA109', 'NINDI AWALIA', '000000', '3603044306190003', 'P', 'KHOLISOH', '', '2019-06-03', 'B', '../assets/img/qrcode_siswa/NINDI AWALIA.png', '2025-09-07 14:48:43', '2025-09-07 14:48:44'),
	(110, 'SISWA110', 'DIRGA SAKTI LESTARI', '123456789', '12345689', 'L', 'SUTINI', '', '1999-09-09', 'A', '../assets/img/qrcode_siswa/DIRGA SAKTI LESTARI.png', '2025-09-20 08:06:11', '2025-09-20 08:06:11');

-- Dumping structure for table db_al_unayah.users
CREATE TABLE IF NOT EXISTS `users` (
  `id_user` int NOT NULL AUTO_INCREMENT,
  `username` varchar(50) NOT NULL,
  `password` varchar(255) NOT NULL,
  `level` enum('Admin','Kepsek','Guru','Siswa') NOT NULL,
  `id_siswa` int DEFAULT NULL,
  `id_guru` int DEFAULT NULL,
  `created_at` timestamp NULL DEFAULT CURRENT_TIMESTAMP,
  `updated_at` timestamp NULL DEFAULT CURRENT_TIMESTAMP ON UPDATE CURRENT_TIMESTAMP,
  PRIMARY KEY (`id_user`),
  UNIQUE KEY `username` (`username`)
) ENGINE=InnoDB AUTO_INCREMENT=111 DEFAULT CHARSET=utf8mb4 COLLATE=utf8mb4_0900_ai_ci;

-- Dumping data for table db_al_unayah.users: ~100 rows (approximately)
INSERT INTO `users` (`id_user`, `username`, `password`, `level`, `id_siswa`, `id_guru`, `created_at`, `updated_at`) VALUES
	(1, 'FarelAdmin', '$2y$12$8xoa.w.Xm8PWQItLq0.PXuaiN2mQ8sMGdnh5J5CeuEhOW22kq0LP6', 'Admin', NULL, NULL, '2025-09-02 02:26:37', '2025-09-02 02:26:37'),
	(2, 'operator', '$2y$12$41PQVgDLIR9QnkOK0SaWS.OmZL07Nanpt7ZfSEr/VHZE0JMoG5pvq', 'Admin', NULL, NULL, '2025-09-03 00:32:17', '2025-09-03 00:32:17'),
	(5, '3190345070', '$2y$12$FJsjq2PK4MsF3iiUaSGXCu2wMY8ZVgc2IvbzSb9e/OmbXmeG2Dv0y', 'Siswa', 14, NULL, '2025-09-04 13:45:20', '2025-09-04 13:45:20'),
	(6, '3204045765', '$2y$12$epyOnvE.NoFIpQkhqjP4juwB/zmkMVVXOoW38afK.ZQ/.t8cssHaW', 'Siswa', 15, NULL, '2025-09-04 13:45:20', '2025-09-04 13:45:20'),
	(7, '3208334718', '$2y$12$dlGuTbB1YcZDFvAXDXrhQ.sUq6yhjfz.zE9eYugcshGws36/jCtOO', 'Siswa', 16, NULL, '2025-09-04 13:45:21', '2025-09-04 13:45:21'),
	(8, '3194861040', '$2y$12$UFZu.OmJVH4nD/.nZzOr2eGMy3twVcj4n/CN1nGaBvS9WHYwycG0.', 'Siswa', 17, NULL, '2025-09-04 13:45:21', '2025-09-04 13:45:21'),
	(9, '3202642147', '$2y$12$pCkLdTqaYIn4WAe4TT1oqeewkULuEF05x/FdGjMKAcPi2pT/4WiG6', 'Siswa', 18, NULL, '2025-09-04 13:45:22', '2025-09-04 13:45:22'),
	(10, '3187984380', '$2y$12$gJD2/eMx5bgtXVpEWHPMQuVDhPg0VZSv9bPaA6rDzBJOdkOwCRvvK', 'Siswa', 19, NULL, '2025-09-04 13:45:22', '2025-09-04 13:45:22'),
	(11, '3194088100', '$2y$12$mOk55rWzg84MsHCqezHTIukoL5op7hNACl7XWU8d35H5rNZIyaimO', 'Siswa', 20, NULL, '2025-09-04 13:45:23', '2025-09-04 13:45:23'),
	(12, '3192582792', '$2y$12$2EfQkS8DGpSVzySsoUBCbupgfniqIziZS8Ekhi4977Ys/1q6VJcsa', 'Siswa', 21, NULL, '2025-09-04 14:34:23', '2025-09-04 14:34:23'),
	(16, 'FarelKepsek', '$2y$12$goFg5lKibaGjVyhmhxpewO8edVVtvB1wCDGSCAkadj.DztjEvlxUC', 'Kepsek', NULL, NULL, '2025-09-05 02:34:50', '2025-09-22 10:13:05'),
	(17, '320519814', '$2y$12$ZvD/67AIwZrDRuz2qLvcAOFjPqZEH.4ufdTLW4WMA88z3ArXpmA5i', 'Siswa', 22, NULL, '2025-09-05 04:47:36', '2025-09-05 04:47:36'),
	(18, '318301912', '$2y$12$rBNRolvTfg4v0zGJWziRweyXoahU5tWJxXDE/fR84mYFYXGZHe2MO', 'Siswa', 23, NULL, '2025-09-05 04:47:37', '2025-09-05 04:47:37'),
	(19, '319258696', '$2y$12$3rWJzFZd3uV2bv3mgdHJWOXAjpxkGXksx4h4gg8NCYKJq2tVObv/K', 'Siswa', 24, NULL, '2025-09-05 04:47:38', '2025-09-05 04:47:38'),
	(20, '320524445', '$2y$12$cnFZrnHUhsoj6yaFxHvMIuBm7KUUpw9QaGh/NWXIWQLZVuZhLR45W', 'Siswa', 25, NULL, '2025-09-05 04:47:39', '2025-09-05 04:47:39'),
	(21, '321815402', '$2y$12$2fygI3cU7dGVFk9QtTtk0OO2cplcUWwjwXFCIMe0MRM7XgH4Kl3YK', 'Siswa', 26, NULL, '2025-09-05 04:47:39', '2025-09-05 04:47:39'),
	(22, '320931884', '$2y$12$MvWahNdgmfxpbbjoI1l3/ej4iHw/Cq1jBO.KdnvQpJGQvwd0yj4OO', 'Siswa', 27, NULL, '2025-09-05 04:47:40', '2025-09-05 04:47:40'),
	(23, '320790951', '$2y$12$WmwuB5u5taK1UxmVJvi39ug.iWjFgvTF8RKh01o37mV2j3H1RvKfO', 'Siswa', 28, NULL, '2025-09-05 04:47:41', '2025-09-05 04:47:41'),
	(24, '320489198', '$2y$12$ANHtXWPuGu1Gzx3a/dRkvOsoN32MVYCkkL79guNk/7FttSYWuzVte', 'Siswa', 29, NULL, '2025-09-05 04:47:42', '2025-09-05 04:47:42'),
	(25, '320755867', '$2y$12$hcgFYXxuLDsi53.nzGA/KuDOr7.KNXA2SQuiYqDjHXd22Z02hMKDK', 'Siswa', 30, NULL, '2025-09-05 04:47:42', '2025-09-05 04:47:42'),
	(26, '320430274', '$2y$12$AaHRmDYqKw4q1r1xUFfFhOeV/moHohlU4tJZqaEjVE5jrUEtMvKGW', 'Siswa', 31, NULL, '2025-09-05 04:47:43', '2025-09-05 04:47:43'),
	(27, '321415802', '$2y$12$5fQdvm7gwLliX92rOoWgZOKNBxelAEJ4MyMBEXWfqgXiWrWclfc3i', 'Siswa', 32, NULL, '2025-09-05 04:47:44', '2025-09-05 04:47:44'),
	(28, '320253789', '$2y$12$nkJElvuMU3qBPCD8IJXI3O1669TEDFiJRdnC112VVvWU5/hZWaEci', 'Siswa', 33, NULL, '2025-09-05 04:47:45', '2025-09-05 04:47:45'),
	(29, '320396396', '$2y$12$5XDn.WAiwrDScQTO/AtDD.0uN3a064kZhZjY0tvoKgbqLXycatVYO', 'Siswa', 34, NULL, '2025-09-05 04:47:45', '2025-09-05 04:47:45'),
	(30, '320116104', '$2y$12$CAyPMd4NGrwQZUkGjw96KOFT/a02zK1lX8kclITSKIpLpO4EyBpX2', 'Siswa', 35, NULL, '2025-09-05 04:47:46', '2025-09-05 04:47:46'),
	(31, '319373000', '$2y$12$cn7a3PyCgYjGE.vLz0VRBOiyGM94T5oU5rTcPvghTaiyk5pl8qFMe', 'Siswa', 36, NULL, '2025-09-05 04:47:47', '2025-09-05 04:47:47'),
	(32, '319690424', '$2y$12$m71rfJLtN2JjZ.T.wNSCnuRoUPELstDmitiQ3Nr7OjsympSLxGB.e', 'Siswa', 37, NULL, '2025-09-05 04:47:48', '2025-09-05 04:47:48'),
	(33, '320104088', '$2y$12$5mtlPfyNGY8taQJ2xxkJAO4mTNl3qnsFlqaZgJMYkhUbwBwdG3ju2', 'Siswa', 38, NULL, '2025-09-05 04:50:25', '2025-09-05 04:50:25'),
	(34, '320651692', '$2y$12$tirl6oFiqAMGHlYmVkSSy.71M2Rb9ni39Q4Kv.QZjjBAlXZIVj0aq', 'Siswa', 39, NULL, '2025-09-05 04:50:26', '2025-09-05 04:50:26'),
	(35, '320076621', '$2y$12$Vn/rKBO6eNe1LRyKsFPwFudHmbnpcpJK1o6u5LjFxkfjOY3g3uxSS', 'Siswa', 40, NULL, '2025-09-05 04:50:27', '2025-09-05 04:50:27'),
	(36, '321478284', '$2y$12$0FlqzcsGTyzu2iOQyQpG1.kvkH.FC9LrFbZAIOZ/fJqfbrVzGf/Gm', 'Siswa', 41, NULL, '2025-09-05 04:51:37', '2025-09-05 04:51:37'),
	(37, '319585763', '$2y$12$ciU7dohj4wq/Wg9/EMJhveIXg0.3LhAu6wCC4YSfPQF.kHQ5OiRym', 'Siswa', 42, NULL, '2025-09-05 04:51:38', '2025-09-05 04:51:38'),
	(38, '321232771', '$2y$12$NcAOmNfun7xua9luWVZF7.Q.Dlp.o0wdHxcrXVEXGPN4A/uYKahIG', 'Siswa', 43, NULL, '2025-09-05 04:52:14', '2025-09-05 04:52:14'),
	(39, '320641681', '$2y$12$SjktcycRemE3Nkc0m1p9hOGtLFcf0u.7ABwuCKLdnZ5XeYY2jZljW', 'Siswa', 44, NULL, '2025-09-05 04:52:15', '2025-09-05 04:52:15'),
	(40, '319523174', '$2y$12$a6GUbkcnMbwAnklIW4.Hl.2Gc9Kc5Rk998TJpjsmOPcZKmJaseWCO', 'Siswa', 45, NULL, '2025-09-05 04:52:16', '2025-09-05 04:52:16'),
	(41, '318834128', '$2y$12$ufy6lVfAdX1LCdGxxXQ88O3OAbzNHkFc837fWI2hb2q0pJyYM9QxW', 'Siswa', 46, NULL, '2025-09-05 04:52:16', '2025-09-05 04:52:16'),
	(42, '319864306', '$2y$12$4fRwM3Xqza9XNjilbyA7yeBk2710SribXURAKH2cKzM139J01eqg2', 'Siswa', 47, NULL, '2025-09-05 04:52:17', '2025-09-05 04:52:17'),
	(43, '319722761', '$2y$12$WJOOT7FKx3/.ujgWdaHlyOIX8TINQ9oMBts0OkevMQ/3eu0FBNJja', 'Siswa', 48, NULL, '2025-09-05 04:52:18', '2025-09-05 04:52:18'),
	(44, '320929929', '$2y$12$dMgjQyWnXkOfN.rjbUYO9OCxepEsJ3o4E.KFxUMAxUysx/kZVXb3q', 'Siswa', 49, NULL, '2025-09-05 04:52:19', '2025-09-05 04:52:19'),
	(45, '320794687', '$2y$12$yBmvSqslEqqWyCS1.b238utq2Bnv/kJnMiFyiVw/M2ytGr1cYbJ42', 'Siswa', 50, NULL, '2025-09-05 04:52:19', '2025-09-05 04:52:19'),
	(46, '3196884165', '$2y$12$B2ml4DXyLn47I522zXubiOUrmIwSrRu8uvNURvF8AhWAqz9BU3eDq', 'Siswa', 51, NULL, '2025-09-05 06:31:25', '2025-09-05 06:31:25'),
	(47, '3185118338', '$2y$12$JsNgLF/CPqRV8YtGa6blN.I6sCW3/xeK6ZvGnbgNgXG9v94itLpPe', 'Siswa', 52, NULL, '2025-09-05 06:31:26', '2025-09-05 06:31:26'),
	(48, '3192917323', '$2y$12$VjF3hul8eiZDiJPFNzI4W.yg84gLIDB9nFEjavo48p/9BHUGzK/4O', 'Siswa', 53, NULL, '2025-09-05 06:31:26', '2025-09-05 06:31:26'),
	(49, '3202406364', '$2y$12$.YHg8gJRhK29DjGrAkWxjugmvuA9l0oYXMuFHWCOdUmGv33uC/S.e', 'Siswa', 54, NULL, '2025-09-05 06:31:27', '2025-09-05 06:31:27'),
	(50, '3190226723', '$2y$12$BSCzj/6RerNpTqX8bPOjy.KVOjaSCxPcwyd7uE/u8giI0adLJpXDW', 'Siswa', 55, NULL, '2025-09-05 06:32:25', '2025-09-05 06:32:25'),
	(51, '3190896366', '$2y$12$B4EgLkpAOcVc1Zp2OoY/vO1zE9URoOJ7flVXQvCcwb5MhPJ6jOJWa', 'Siswa', 56, NULL, '2025-09-05 06:32:26', '2025-09-05 06:32:26'),
	(52, '3189533743', '$2y$12$10nt11RMCN1fj7vWbxS93u.gMV65D6PGri6U0A53ib.NV/ZpCiLi6', 'Siswa', 57, NULL, '2025-09-05 06:32:27', '2025-09-05 06:32:27'),
	(53, '3194679952', '$2y$12$4wKT45ACE7aFIHv./Nejwe7EJeZlNzdlUH6jqa3EjfqSRKbfrQq9C', 'Siswa', 58, NULL, '2025-09-05 06:32:28', '2025-09-05 06:32:28'),
	(54, '3216489065', '$2y$12$OGKpw72H5zfuGS3THBU8yeW4rZ4Xbo981LgzYcecL2puI5ADaMaxq', 'Siswa', 59, NULL, '2025-09-05 06:32:29', '2025-09-05 06:32:29'),
	(55, '3205870019', '$2y$12$zvNhXwBbFJ4Skspf2rhbWuVai2b4Lh.zbcytEbdYCGQ71hN0b5sO2', 'Siswa', 60, NULL, '2025-09-05 06:32:29', '2025-09-05 06:32:29'),
	(56, '3204805339', '$2y$12$7NonuPttvL4y21ynAV4ItOCNgye4Cg94fNhkt7leUowvLgi.a7Uei', 'Siswa', 61, NULL, '2025-09-05 06:33:27', '2025-09-05 06:33:27'),
	(57, '3203695311', '$2y$12$Bt8g60.Xssq.LRCSOSmgNOAm4v.n/00aNZn1Mms20wBg7qcXZZLPi', 'Siswa', 62, NULL, '2025-09-05 06:33:28', '2025-09-05 06:33:28'),
	(58, '3202795932', '$2y$12$eKO9yD/4zT45wFeGrQj4NOe6xMUJCcqjl.Ms96mJajMZm6oiPrb9a', 'Siswa', 63, NULL, '2025-09-05 06:33:29', '2025-09-05 06:33:29'),
	(59, '3193595794', '$2y$12$nxJbghaS//FxvnT2HU8f.eZMaUPlAcgpNQgVbulFGhGlghmA//.YS', 'Siswa', 64, NULL, '2025-09-05 06:33:30', '2025-09-05 06:33:30'),
	(60, '3208208634', '$2y$12$annakwwT9hemcfbTk5mWJuSoNzHRwcu/5g5Dv9BooAD1QKnuyriai', 'Siswa', 65, NULL, '2025-09-05 06:33:31', '2025-09-05 06:33:31'),
	(61, '3208490579', '$2y$12$FcmHiPcp1cn8EKwGAdCWYeNt9I9Gd.OPO5A5rlOS3maG8RkHo22VO', 'Siswa', 66, NULL, '2025-09-05 06:33:32', '2025-09-05 06:33:32'),
	(62, '3204947435', '$2y$12$fPzdoL2hMvo2Je/wJUB5TuSUqOhJveZ4RtBGAVNLeaSDJ.CGjcNH2', 'Siswa', 67, NULL, '2025-09-05 06:33:33', '2025-09-05 06:33:33'),
	(63, '3206613428', '$2y$12$NPbcO6ksAZMgaPe3C9AofuWM7cOylmnSMUj2T/KWjP6rWWhp0IpIK', 'Siswa', 68, NULL, '2025-09-05 06:33:33', '2025-09-05 06:33:33'),
	(64, '3202968405', '$2y$12$o/kjBTbSu.ZvNNAV6xR3sOK0O9xZQBTtyzvpjRRae1bdfw9Pbg.5C', 'Siswa', 69, NULL, '2025-09-05 06:33:35', '2025-09-05 06:33:35'),
	(65, '3202800161', '$2y$12$fTeQ/z40BKkESg8CfSj3j.du0rOw/39.MNLK2FOS6OIrCTRQdygWC', 'Siswa', 70, NULL, '2025-09-05 06:33:36', '2025-09-05 06:33:36'),
	(66, '3209500138', '$2y$12$x9njh62VtszDWbZbYmhxk.QKe6n8usXDlEtr1EmbP3wY0TGbsXDoe', 'Siswa', 71, NULL, '2025-09-05 06:33:38', '2025-09-05 06:33:38'),
	(67, '3202862481', '$2y$12$F7Sp1nf8VgON/cooDVXb4.MavVgOOXLLMtmd6lAt46.wlrqAOPhSi', 'Siswa', 72, NULL, '2025-09-05 06:33:39', '2025-09-05 06:33:39'),
	(68, '3197781695', '$2y$12$iQERNw.fchMw.OyUCebgou1X7cAEsX4KvRrRlHAhzrjLn6ZnpZFDe', 'Siswa', 73, NULL, '2025-09-05 06:33:40', '2025-09-05 06:33:40'),
	(69, '3207329283', '$2y$12$CNVVk1hcFU1ov50HOLuiwONVuInpDKhh7Qpoezu/5Vt/cavzsj0Eq', 'Siswa', 74, NULL, '2025-09-05 06:33:41', '2025-09-05 06:33:41'),
	(70, '3208924351', '$2y$12$yQU/Xg3qScIPg6l4w3xg.uc.5GC5n6XpzOj9pmKUMYoScixe7/EmG', 'Siswa', 75, NULL, '2025-09-05 06:33:42', '2025-09-05 06:33:42'),
	(71, '3212829393', '$2y$12$Fg0raaKGoQhaldakBJA17uP2Eto76hqe3usNvPntqAt0nFkRnN6gm', 'Siswa', 76, NULL, '2025-09-05 06:33:43', '2025-09-05 06:33:43'),
	(73, '3206978385', '$2y$12$c5Q6B1MAna.yer/wwi6oQuy2S0sa9vVnopfVy/vTWSjlDr0.CeVle', 'Siswa', 78, NULL, '2025-09-05 06:34:55', '2025-09-05 06:34:55'),
	(74, '3206979841', '$2y$12$sV9XKS7Ka8aCyNiFDsgAROUgBuMxjtCvKoGz4jLQi0vIBoN3hhs0q', 'Siswa', 79, NULL, '2025-09-05 06:34:55', '2025-09-05 06:34:55'),
	(75, '3214133133', '$2y$12$rcqhvCkuWd7ZcurY.aEAY.xUPCqvaf.Hym0o.nzOEIed7aWTpcpum', 'Siswa', 80, NULL, '2025-09-05 06:34:56', '2025-09-05 06:34:56'),
	(76, '3196769502', '$2y$12$JS7AH.jyRYB9B5UYunrQauGkqvGk8ur9wQW6eptK4WiOvojhjTrBq', 'Siswa', 81, NULL, '2025-09-05 06:34:57', '2025-09-05 06:34:57'),
	(77, '3195665392', '$2y$12$btGD9MkPmDh/K44c8/DxK.rcnLRMeRRdQhQZsOVCVXKPnFbAJFYuS', 'Siswa', 82, NULL, '2025-09-05 06:34:57', '2025-09-05 06:34:57'),
	(78, '3196011980', '$2y$12$w/ge6y9jiE.d1iMJYv9tr.VyHHZt4jJPmNz0eSGl7mrP3WEq1Er/W', 'Siswa', 83, NULL, '2025-09-05 06:34:58', '2025-09-05 06:34:58'),
	(79, '321764975', '$2y$12$fXy1a5k4gTn8C43V2QoU2OCY7jqLP6yoc9frryUTbqcIzWqXzZU4K', 'Siswa', 84, NULL, '2025-09-05 06:34:59', '2025-09-05 06:34:59'),
	(80, '', '$2y$12$ezinfA/drSErIb4Yv1/o/.lPNoDVxkAWXD2TY.b0s02/pTxOXEA16', 'Siswa', 85, NULL, '2025-09-05 06:37:06', '2025-09-05 06:37:06'),
	(81, '3197504667', '$2y$12$r28pPfFRxdPLkmx4S8YGKuvUz3aJJDUTWhNG9RgIZ5iKEeFBulW4C', 'Siswa', 86, NULL, '2025-09-05 06:37:07', '2025-09-05 06:37:07'),
	(82, '3209597792', '$2y$12$Gp2f9hEwlnNkEMmap2xu/u47.Fq9zLFYsbOS6Tq/182OazO6ZKnZa', 'Siswa', 87, NULL, '2025-09-05 06:37:08', '2025-09-05 06:37:08'),
	(84, '3202375510', '$2y$12$lYwLLgZ5B5sPE67qmCt32e3a0DOK7YUFS1gE0K6Fml5GN1S7AMOeS', 'Siswa', 89, NULL, '2025-09-05 06:37:10', '2025-09-05 06:37:10'),
	(85, '3204430551', '$2y$12$8ieZfRgiiUZ0L/5MDlmmdeOSg7WpUyfgd.bL0b/xHYpfQmOBotJW6', 'Siswa', 90, NULL, '2025-09-05 06:37:11', '2025-09-05 06:37:11'),
	(86, '3204987007', '$2y$12$jxj.WGohnFOegmhsTs.7sO9rIWyhGr6ot48kD2QsDksd.f9zh0YNW', 'Siswa', 91, NULL, '2025-09-05 06:37:12', '2025-09-05 06:37:12'),
	(87, '3209736633', '$2y$12$Qia/WP7XSVIBkMlN34jsuOKTGDTv/zIQD776T0P5rZ9APYHt30TIm', 'Siswa', 92, NULL, '2025-09-05 06:37:13', '2025-09-05 06:37:13'),
	(88, '3209562581', '$2y$12$BZN/j.AAQ15MAab5DNnG7.SbB3C56QalBEDQbsfYPRwdRiW4q0R56', 'Siswa', 93, NULL, '2025-09-05 06:37:14', '2025-09-05 06:37:14'),
	(90, '3200620658', '$2y$12$ZmCSu5Lmw/qtyxNq468hP.fylIVO5.PBvS2bp0gD/Gea2geo.7tVq', 'Siswa', 95, NULL, '2025-09-05 06:37:16', '2025-09-05 06:37:16'),
	(91, '3205602335', '$2y$12$/xvncLcu60RBk40WWBOeNeaNZKCFRhvGOomFQ6APsASkGd3CelTu.', 'Siswa', 96, NULL, '2025-09-05 06:37:17', '2025-09-05 06:37:17'),
	(92, '3202966897', '$2y$12$TBnfrTvMzH72W2maKjPr7eydiSNqM3I.78enFnDbjJnR28WB/X.q.', 'Siswa', 97, NULL, '2025-09-05 06:37:17', '2025-09-05 06:37:17'),
	(93, '3213006329', '$2y$12$CwOfIN34a4DEzys/aNhMPOYf6gDFTS6GOcIwT.amPimlAbx7.q7cy', 'Siswa', 98, NULL, '2025-09-05 06:37:18', '2025-09-05 06:37:18'),
	(94, '3205085052', '$2y$12$OiwoRM30t8oFca7SCEpd0.DpTQ8zPfkL7g1LvHERrpmjeil/O4P0G', 'Siswa', 99, NULL, '2025-09-05 06:37:19', '2025-09-05 06:37:19'),
	(95, '3190892204', '$2y$12$A23h/9r/o1/NtAIuVxmXr.VF71teJBKEJ1WWkTYNT19AJkoHNzsGu', 'Siswa', 100, NULL, '2025-09-05 06:37:20', '2025-09-05 06:37:20'),
	(96, '3201985463', '$2y$12$KbSKbL4sh4YkjASLNBIVqubYKy.pz4wUNaz6UAL/eomijOBzmOXGC', 'Siswa', 101, NULL, '2025-09-05 06:37:21', '2025-09-05 06:37:21'),
	(97, '3202850914', '$2y$12$SqigpeM2hbUMgKOJ5q1QFO5DpDj0/eeS9227zmuJ81eZv2dOw8dqG', 'Siswa', 102, NULL, '2025-09-05 06:37:22', '2025-09-05 06:37:22'),
	(98, '3210503752', '$2y$12$6W/3nOc2D9H/Lzj8mVDHb.v2sLCn8bAipg.Xnx3snnV30edd7ysH.', 'Siswa', 103, NULL, '2025-09-05 06:37:22', '2025-09-05 06:37:22'),
	(99, '3200503698', '$2y$12$9/6hnQRIW/010KQiyD7ZXOy3GpfYrZkiR.BrKcKUWvz6bxJkCT6oi', 'Siswa', 104, NULL, '2025-09-05 06:37:23', '2025-09-05 06:37:23'),
	(101, '29260443', '$2y$12$8UEhz1W8hn2CXzFMJFJaYOamldConHD2fMHEOIdTfi0Ccyr0Nj52m', 'Siswa', 105, NULL, '2025-09-07 14:37:09', '2025-09-07 14:37:09'),
	(102, '24250435', '$2y$12$fs0rnaQVxAiSRhIFsCBkKuh76bt6g6WinKn0whHwHpDmr1uFD8NjO', 'Siswa', 106, NULL, '2025-09-07 14:38:45', '2025-09-07 14:38:45'),
	(103, '24250423', '$2y$12$B3i7SHBCTY2rHbRBlajZ3OzxtoQE.lgRaIkGVBVMWqARJpCNmTamS', 'Siswa', 107, NULL, '2025-09-07 14:41:31', '2025-09-07 14:41:31'),
	(104, '25260446', '$2y$12$3sae97wUKsY3YNm/N4aJwufF1PyNk7wucewMMVgIimbdCTPKrU5/.', 'Siswa', 108, NULL, '2025-09-07 14:47:29', '2025-09-07 14:47:29'),
	(105, '000000', '$2y$12$EJOVfYiRtKC6SEWxtk5QiejsvGOzx0Df7Yc/uU0WwLywDlQOFHVhu', 'Siswa', 109, NULL, '2025-09-07 14:48:44', '2025-09-07 14:48:44'),
	(106, 'FarelGuru', '$2y$12$qbc2Za4tDSDBWrFfy9iSZO3h3PmwUE/ZWN4byF819rOVxgGp4I4gC', 'Guru', NULL, 7, '2025-09-20 00:58:52', '2025-09-22 09:51:06'),
	(107, 'FarelGuruB', '$2y$12$RjL2MtRPUWYMGNPlg14Gr.hkUHEe1OsNadbZpZ31wWtI3yNgUGKla', 'Guru', NULL, 8, '2025-09-20 07:51:10', '2025-09-20 07:54:17'),
	(108, '123456789', '$2y$12$6dmNpmBGJQ/yledL5rle3O82nv/.UZJ/UdpKnuP1pS8V6SyYYNz4S', 'Siswa', 110, NULL, '2025-09-20 08:06:12', '2025-09-20 08:06:12'),
	(109, 'komala123', '$2y$12$LcQQZLm4ywCR580nGXCYf.wO57ssbwWwwPSep3.haLib1G/mFkEna', 'Guru', NULL, 9, '2025-09-22 10:07:07', '2025-09-22 10:07:07');

/*!40103 SET TIME_ZONE=IFNULL(@OLD_TIME_ZONE, 'system') */;
/*!40101 SET SQL_MODE=IFNULL(@OLD_SQL_MODE, '') */;
/*!40014 SET FOREIGN_KEY_CHECKS=IFNULL(@OLD_FOREIGN_KEY_CHECKS, 1) */;
/*!40101 SET CHARACTER_SET_CLIENT=@OLD_CHARACTER_SET_CLIENT */;
/*!40111 SET SQL_NOTES=IFNULL(@OLD_SQL_NOTES, 1) */;
